order,medication,pharmacologic_group,stopp_codes,start_codes,beers_codes
"1","PARACETAMOL 500 MG","Analgésico y antipirético no opioide","STOPP-A1|STOPP-A2|STOPP-A3|STOPP-L6","",""
"2","TIAMINA CLORHIDRATO 100 MG","Vitamina hidrosoluble (vitamina B1)","STOPP-A1|STOPP-A2|STOPP-A3","",""
"3","DICLOFENACO SÓDICO 25 MG / ML X 3 ML","Antiinflamatorio no esteroideo (AINE)","STOPP-A1|STOPP-A2|STOPP-A3|STOPP-B17|STOPP-B19|STOPP-C10|STOPP-E4|STOPP-H1|STOPP-H2|STOPP-H3|STOPP-H7","START-F3","B05|B06|B07|B08"
"4","LOSARTAN 50 MG","Antihipertensivo: antagonista del receptor de angiotensina II (ARA-II)","STOPP-A1|STOPP-A2|STOPP-A3|STOPP-B12|STOPP-B13","START-B1|START-E4|START-J1","B21|B22"
"5","OMEPRAZOL 20 MG DE LIBERACIÓN RETARDADA","Antiulceroso: inhibidor de la bomba de protones","STOPP-A1|STOPP-A2|STOPP-A3|STOPP-F2","START-F1|START-F2|START-F3","B04"
"6","HIDROXOCOBALAMINA 1 MG / ML X 1 ML","Vitamina hidrosoluble (vitamina B12)","STOPP-A1|STOPP-A2|STOPP-A3","",""
"7","GABAPENTINA 300 MG","Anticonvulsivante y modulador del dolor neuropático","STOPP-A1|STOPP-A2|STOPP-A3|STOPP-K5|STOPP-L5","","B14|B16|B17|B19"
"8","HIPROMELOSA 0.3% X 10 ML SOLUCIÓN OFTÁLMICA","Lubricante ocular (lágrima artificial)","STOPP-A1|STOPP-A2|STOPP-A3","",""
"9","METFORMINA CLORHIDRATO 850 MG","Antidiabético: biguanida","STOPP-A1|STOPP-A2|STOPP-A3|STOPP-E6","",""
"10","NAPROXENO 500 MG (BASE) Ó 550 MG (SAL SÓDICA)","Antiinflamatorio no esteroideo (AINE)","STOPP-A1|STOPP-A2|STOPP-A3|STOPP-B17|STOPP-B19|STOPP-C10|STOPP-E4|STOPP-H1|STOPP-H2|STOPP-H3|STOPP-H7","START-F3","B05|B06|B07|B08"
"11","ACIDO ACETILSALICILICO 100 MG","Antiagregante plaquetario","STOPP-A1|STOPP-A2|STOPP-A3|STOPP-C1|STOPP-C2|STOPP-C4|STOPP-C5|STOPP-C7|STOPP-C16","START-C2|START-F2","B09|B07"
"12","ACETILCISTEINA 200 MG","Mucolítico","STOPP-A1|STOPP-A2|STOPP-A3","",""
"13","CETIRIZINA 10 MG","Antihistamínico H1 de segunda generación","STOPP-A1|STOPP-A2|STOPP-A3","",""
"14","ATORVASTATINA (COMO SAL CALCICA) 20 MG","Hipolipemiante: estatina","STOPP-A1|STOPP-A2|STOPP-A3|STOPP-B16","START-B2",""
"15","ACIDO FOLICO 0.5 MG","Vitamina hidrosoluble (ácido fólico, vitamina B9)","STOPP-A1|STOPP-A2|STOPP-A3","START-H9",""
"16","ORFENADRINA CITRATO 100 MG (LIBERACIÓN PROLONGADA)","Relajante muscular de acción central","STOPP-A1|STOPP-A2|STOPP-A3|STOPP-D13|STOPP-D14|STOPP-M1","","B02|B03|B12|B13|B14|B18|B17"
"17","DIMETICONA ACTIVADA (SIMETICONA) 80 MG Ó MÁS/ML GOTAS ORALES X 10 ML A 15 ML","Antiflatulento","STOPP-A1|STOPP-A2|STOPP-A3","",""
"18","ALPRAZOLAM 0.5 MG","Ansiolítico: benzodiacepina","STOPP-A1|STOPP-A2|STOPP-A3|STOPP-D8|STOPP-D9|STOPP-D10|STOPP-G4|STOPP-K1","","B01|B12|B13|B14|B15|B17"
"19","HIDROCLOROTIAZIDA 25 MG","Diurético tiazídico y antihipertensivo","STOPP-A1|STOPP-A2|STOPP-A3|STOPP-B9","START-B1","B11"
"20","ATORVASTATINA 10 MG","Hipolipemiante: estatina","STOPP-A1|STOPP-A2|STOPP-A3|STOPP-B16","START-B2",""
"21","IRBESARTÁN 150 MG","Antihipertensivo: antagonista del receptor de angiotensina II (ARA-II)","STOPP-A1|STOPP-A2|STOPP-A3|STOPP-B12|STOPP-B13","START-B1|START-E4|START-J1","B21|B22"
"22","HIDRÓXIDO DE ALUMINIO + HIDRÓXIDO DE MAGNESIO C/S DIMETICONA 400 MG + 400 MG/5ML SUSPENSIÓN ORAL 150","Antiácido combinado con antiflatulento","STOPP-A1|STOPP-A2|STOPP-A3|STOPP-F3","",""
"23","DEXAMETASONA (BASE Ó EQUIVALENTE) 2 MG / ML X 2 ML","Corticoide sistémico: glucocorticoide","STOPP-A1|STOPP-A2|STOPP-A3|STOPP-B19|STOPP-F5|STOPP-G2|STOPP-H7","START-H2","B12"
"24","CARBONATO DE CALCIO 500 MG Ó MÁS DE IÓN CA","Suplemento mineral de calcio","STOPP-A1|STOPP-A2|STOPP-A3","START-H2",""
"25","TAMSULOSINA 0.4 MG (LIBERACIÓN PROLONGADA)","Urológico: antagonista alfa-1 adrenérgico","STOPP-A1|STOPP-A2|STOPP-A3|STOPP-I5|STOPP-K10","START-I1","B23"
"26","DEXTROMETORFANO BROMHIDRATO 15 MG / 5 ML X 120 ML JARABE","Antitusígeno","STOPP-A1|STOPP-A2|STOPP-A3","",""
"27","ALENDRONICO ÁCIDO (SAL SÓDICA) 70 MG","Antirresortivo óseo: bisfosfonato","STOPP-A1|STOPP-A2|STOPP-A3|STOPP-E9|STOPP-H8","START-H2|START-H4",""
"28","ORFENADRINA CITRATO 30 MG/ML X 2 ML","Relajante muscular de acción central","STOPP-A1|STOPP-A2|STOPP-A3|STOPP-D13|STOPP-D14|STOPP-M1","","B02|B03|B12|B13|B14|B18|B17"
"29","CLOTRIMAZOL 1 % CREMA X 20 A 30 G","Antifúngico azólico tópico","STOPP-A1|STOPP-A2|STOPP-A3","",""
"30","BISOPROLOL FUMARATO 5 MG","Antihipertensivo: betabloqueador selectivo","STOPP-A1|STOPP-A2|STOPP-A3|STOPP-B3|STOPP-B4|STOPP-B5","START-B1|START-B4|START-B6|START-B10",""
"31","PIRIDOXINA CLORHIDRATO 50 MG","Vitamina hidrosoluble (vitamina B6)","STOPP-A1|STOPP-A2|STOPP-A3","",""
"32","LEVOTIROXINA SÓDICA 0.1 MG","Hormona tiroidea","STOPP-A1|STOPP-A2|STOPP-A3|STOPP-J9","",""
"33","BETAMETASONA (DIPROPIONATO) 0.05 % CREMA X 20 A 30 G","Corticoide tópico: glucocorticoide","STOPP-A1|STOPP-A2|STOPP-A3","",""
"34","HIPROMELOSA 0.3% X 15 ML SOLUCIÓN OFTALM","Lubricante ocular (lágrima artificial)","STOPP-A1|STOPP-A2|STOPP-A3","",""
"35","POMADA SALICILADA X 30 G","Queratolítico tópico","STOPP-A1|STOPP-A2|STOPP-A3","",""
"36","AMLODIPINO (COMO BESILATO) 10 MG","Antihipertensivo: bloqueador de los canales de calcio","STOPP-A1|STOPP-A2|STOPP-A3|STOPP-K3","START-B1",""
"37","CALCITRIOL 0.25 µG","Vitamina D activa y regulador del metabolismo calcio-fósforo","STOPP-A1|STOPP-A2|STOPP-A3","START-E1|START-H3",""
"38","NAPROXENO 250 MG (BASE) O 275 MG (SAL SODICA)","Antiinflamatorio no esteroideo (AINE)","STOPP-A1|STOPP-A2|STOPP-A3|STOPP-B17|STOPP-B19|STOPP-C10|STOPP-E4|STOPP-H1|STOPP-H2|STOPP-H3|STOPP-H7","START-F3","B05|B06|B07|B08"
"39","IBUPROFENO 400 MG","Antiinflamatorio no esteroideo (AINE)","STOPP-A1|STOPP-A2|STOPP-A3|STOPP-B17|STOPP-B19|STOPP-C10|STOPP-E4|STOPP-H1|STOPP-H2|STOPP-H3|STOPP-H7","START-F3","B05|B06|B07|B08"
"40","TRAMADOL (CLORHIDRATO) 50 MG","Analgésico opioide","STOPP-A1|STOPP-A2|STOPP-A3|STOPP-H9|STOPP-K7|STOPP-L1|STOPP-L2","START-K2","B11|B12|B14|B15|B16|B17|B20"
"41","LATANOPROST 0.005 % X 2.5 ML GOTAS OFTÁLMICAS","Antiglaucomatoso: análogo de prostaglandina","STOPP-A1|STOPP-A2|STOPP-A3","",""
"42","BISACODILO 5 MG (LIBERACIÓN RETARDADA)","Laxante estimulante","STOPP-A1|STOPP-A2|STOPP-A3","",""
"43","METAMIZOL SÓDICO 500 MG / ML X 2 ML","Analgésico y antipirético no opioide (pirazolona)","STOPP-A1|STOPP-A2|STOPP-A3","",""
"44","ENALAPRIL MALEATO 10 MG","Antihipertensivo: inhibidor de la enzima convertidora de angiotensina (IECA)","STOPP-A1|STOPP-A2|STOPP-A3|STOPP-B12|STOPP-B13","START-B1|START-B3|START-B5|START-E4|START-J1","B21|B22"
"45","BISMUTO SUBSALICILATO 87.33-87.50 MG/5 ML SUSPENSIÓN ORAL X 240 A 340 ML","Antidiarreico y protector gastrointestinal","STOPP-A1|STOPP-A2|STOPP-A3","",""
"46","TIMOLOL (COMO MALEATO) 0.5% X 5 ML GOTAS OFTÁLMICAS","Antiglaucomatoso: betabloqueador oftálmico","STOPP-A1|STOPP-A2|STOPP-A3","",""
"47","LORATADINA 10 MG","Antihistamínico H1 de segunda generación","STOPP-A1|STOPP-A2|STOPP-A3","",""
"48","LACTULOSA 3,3 G/5 ML JARABE X 240 ML","Laxante osmótico","STOPP-A1|STOPP-A2|STOPP-A3","START-F5",""
"49","DORZOLAMIDA 2% X 5 ML SOLUCIÓN OFTÁLMICA","Antiglaucomatoso: inhibidor de la anhidrasa carbónica","STOPP-A1|STOPP-A2|STOPP-A3","",""
"50","GLIBENCLAMIDA 5 MG","Antidiabético: sulfonilurea","STOPP-A1|STOPP-A2|STOPP-A3|STOPP-J1","","B10"
"51","OMEPRAZOL 20 MG (LIBERACIÓN RETARDADA)","Antiulceroso: inhibidor de la bomba de protones","STOPP-A1|STOPP-A2|STOPP-A3|STOPP-F2","START-F1|START-F2|START-F3","B04"
"52","AMOXICILINA/ACIDO CLAVULANICO 500 MG/125 MG","Antibacteriano: penicilina con inhibidor de betalactamasa","STOPP-A1|STOPP-A2|STOPP-A3","",""
"53","ATORVASTATINA (COMO SAL CALCICA) 40 MG","Hipolipemiante: estatina","STOPP-A1|STOPP-A2|STOPP-A3|STOPP-B16","START-B2",""
"54","AZITROMICINA 500 MG","Antibacteriano: macrólido","STOPP-A1|STOPP-A2|STOPP-A3|STOPP-B15|STOPP-C14","",""
